{
    "baseline": {
        "logisticregression": {
            "accuracy": 1.0,
            "precision": 1.0,
            "recall": 1.0,
            "f1": 1.0,
            "roc_auc": 1.0
        },
        "randomforest": {
            "accuracy": 1.0,
            "precision": 1.0,
            "recall": 1.0,
            "f1": 1.0,
            "roc_auc": 1.0
        },
        "decisiontree": {
            "accuracy": 1.0,
            "precision": 1.0,
            "recall": 1.0,
            "f1": 1.0,
            "roc_auc": 1.0
        }
    },
    "robust": {
        "logisticregression": {
            "accuracy": 0.9683333333333334,
            "precision": 0.939297124600639,
            "recall": 1.0,
            "f1": 0.9686985172981878,
            "roc_auc": 0.999988884442666
        },
        "randomforest": {
            "accuracy": 1.0,
            "precision": 1.0,
            "recall": 1.0,
            "f1": 1.0,
            "roc_auc": 1.0
        },
        "decisiontree": {
            "accuracy": 0.9216666666666666,
            "precision": 0.8643067846607669,
            "recall": 0.9965986394557823,
            "f1": 0.9257503949447078,
            "roc_auc": 0.9651527277577697
        }
    }
}